Feature,Importance
alcohol,0.4929006728807307
volatile acidity,0.18929497075851806
free sulfur dioxide,0.14301513603528476
fixed acidity,0.031252124070519305
pH,0.03120581111402503
residual sugar,0.028104272679964914
density,0.018979540599107128
citric acid,0.017418972672330016
total sulfur dioxide,0.016673521570271882
sulphates,0.01614453439694769
chlorides,0.015010443222300544
